Year,Status,City_LST,City_CI,Rural_LST,Rural_CI,SUHI,SUHI_CI
2021,Historical,44.33969492,,40.76167605,,3.578018873,
2022,Historical,42.76224064,,39.26243825,,3.499802388,
2024,Historical,45.11109991,,42.4429448,,2.668155111,
2025,Historical,47.40737511,,44.61020853,,2.797166584,
2026,Predicted,47.41511928984616,±1.88,45.01869224555717,±1.91,2.4179339871782393,±0.30
2027,Predicted,48.25289718131258,±1.83,46.102024186800115,±1.97,2.178813786964664,±0.29
2028,Predicted,49.09067507277901,±1.94,47.185356128043054,±1.89,1.939693586751089,±0.28
2029,Predicted,49.930748246139856,±2.02,48.271656102001735,±2.04,1.6999182627013116,±0.29
2030,Predicted,50.768526137606294,±1.97,49.35498804324468,±1.97,1.4607980624877366,±0.29
